ИД,Город,Население,Площадь,Есть аэропорт
2,Адыгейск,12689,31.500000,false
3,Майкоп,144055,308.000000,false
4,Горно-Алтайск,62861,96.000000,true
5,Алейск,28528,0.000000,false
6,Барнаул,635585,322.000000,true
7,Белокуриха,15072,92.000000,false
8,Бийск,203826,291.670000,true
9,Горняк,13040,28.100000,false
10,Заринск,47035,79.160000,false
11,Змеиногорск,10569,56.400000,false
12,Камень-на-Оби,41787,48.790000,false
13,Новоалтайск,73134,72.200000,false
14,Рубцовск,146386,84.000000,false
15,Славгород,30370,53.300000,false
16,Яровое,18085,44.380000,false
17,Белогорск,68220,117.600000,false
18,Благовещенск,214397,321.000000,true
19,Завитинск,11481,11.500000,false
20,Зея,25042,45.000000,false
21,Райчихинск,20499,388.000000,false
22,Свободный,58594,40.000000,false
23,Сковородино,9561,22.000000,false
24,Тында,35574,124.000000,true
25,Циолковский,6208,68.000000,false
26,Шимановск,19815,50.000000,false
27,Архангельск,348716,294.420000,true
28,Вельск,23885,15.000000,false
29,Каргополь,10148,13.000000,false
30,Коряжма,39629,50.000000,false
31,Котлас,60562,68.000000,true
32,Мезень,3599,6.000000,true
33,Мирный,30259,15.000000,true
34,Новодвинск,40612,41.000000,false
35,Няндома,22354,21.000000,false
36,Онега,21359,164.000000,true
37,Северодвинск,192265,1200.000000,false
38,Сольвычегодск,2460,8.000000,false
39,Шенкурск,5702,4.000000,false
40,Астрахань,520662,209.000000,true
41,Ахтубинск,41898,17.000000,false
42,Знаменск,29357,23.000000,false
43,Камызяк,16291,24.080000,false
44,Нариманов,11386,27.200000,false
45,Харабали,18209,25.000000,false
46,Агидель,16365,53.000000,false
47,Баймак,17710,215.000000,false
48,Белебей,60183,34.260000,false
49,Белорецк,68804,41.000000,true
50,Бирск,41637,97.300000,false
51,Благовещенск,34246,321.000000,true
52,Давлеканово,24040,41.000000,false
53,Дюртюли,31272,38.000000,false
54,Ишимбай,66259,103.470000,false
55,Кумертау,62854,170.000000,false
56,Межгорье,17353,220.000000,false
57,Мелеуз,61408,32.000000,false
58,Нефтекамск,121757,147.000000,false
59,Октябрьский,109379,105.000000,true
60,Салават,156085,106.230000,false
61,Сибай,62732,154.000000,true
62,Стерлитамак,273432,108.520000,true
63,Туймазы,66849,43.000000,false
64,Уфа,1062300,707.930000,true
65,Учалы,37771,46.000000,false
66,Янаул,26988,26.000000,false
67,Алексеевка,39026,34.000000,false
68,Белгород,356426,153.100000,true
69,Бирюч,7842,12.000000,false
70,Валуйки,35322,34.000000,false
71,Грайворон,6234,10.000000,false
72,Губкин,88562,42.000000,false
73,Короча,5877,5.000000,false
74,Новый Оскол,19530,16.000000,false
75,Старый Оскол,221163,200.000000,true
76,Строитель,23933,33.000000,false
77,Шебекино,44277,40.000000,false
78,Брянск,415640,186.730000,true
79,Дятьково,29438,190.000000,false
80,Жуковка,18269,13.000000,false
81,Злынка,5507,0.000000,false
82,Карачев,19715,15.000000,false
83,Клинцы,62510,64.000000,false
84,Мглин,7916,0.000000,false
85,Новозыбков,40552,31.500000,false
86,Почеп,17933,20.000000,false
87,Севск,7282,14.000000,false
88,Сельцо,17933,33.100000,false
89,Стародуб,19010,22.000000,false
90,Сураж,11640,10.000000,false
91,Трубчевск,15014,14.000000,false
92,Унеча,26196,15.000000,false
93,Фокино,13874,16.000000,false
94,Бабушкин,4542,9.000000,false
95,Гусиноозерск,23280,13.000000,false
96,Закаменск,11249,59.220000,false
97,Кяхта,20013,28.000000,false
98,Северобайкальск,23673,103.000000,false
99,Улан-Удэ,431922,347.600000,true
100,Александров,61544,26.200000,false
101,Владимир,348256,137.000000,true
102,Вязники,41252,37.000000,false
103,Гороховец,14015,13.000000,false
104,Гусь-Хрустальный,60773,43.000000,false
105,Камешково,13113,8.000000,false
106,Карабаново,14868,11.110000,false
107,Киржач,30044,21.000000,false
108,Ковров,145492,57.000000,false
109,Кольчугино,45804,25.000000,false
110,Костерево,9136,6.000000,false
111,Курлово,6791,6.000000,false
112,Лакинск,15707,9.670000,false
113,Меленки,15208,10.900000,false
114,Муром,116078,44.000000,false
115,Петушки,15167,12.000000,false
116,Покров,17762,19.000000,false
117,Радужный,18212,113.200000,true
118,Собинка,19482,19.680000,false
119,Струнино,14372,11.710000,false
120,Судогда,11848,12.000000,false
121,Суздаль,10535,15.000000,false
122,Юрьев-Польский,19588,10.000000,false
123,Волгоград,1021244,859.000000,true
124,Волжский,314436,150.000000,false
125,Дубовка,14345,20.000000,false
126,Жирновск,16890,27.000000,false
127,Калач-на-Дону,26892,18.000000,false
128,Камышин,119924,81.000000,false
129,Котельниково,20441,40.000000,false
130,Котово,24104,18.000000,false
131,Краснослободск,16007,10.500000,false
132,Ленинск,15527,113.000000,false
133,Михайловка,59153,61.000000,false
134,Николаевск,15081,37.240000,false
135,Новоаннинский,17911,63.300000,false
136,Палласовка,15984,35.000000,false
137,Петров Вал,13264,29.395000,false
138,Серафимович,9368,30.600000,false
139,Суровикино,20527,33.433000,false
140,Урюпинск,41594,39.320000,false
141,Фролово,39489,60.000000,false
142,Бабаево,12074,14.500000,false
143,Белозерск,9614,16.080000,false
144,Великий Устюг,31664,17.000000,true
145,Вологда,301642,116.000000,true
146,Вытегра,10490,16.000000,false
147,Грязовец,15528,31.000000,false
148,Кадников,4797,17.385000,false
149,Кириллов,7735,27.000000,false
150,Красавино,7003,61.000000,false
151,Никольск,8515,12.700000,false
152,Сокол,38454,30.430000,false
153,Тотьма,9784,8.000000,false
154,Устюжна,9478,7.000000,false
155,Харовск,10078,10.000000,false
156,Череповец,312311,120.900000,true
157,Бобров,19738,22.000000,false
158,Богучар,11811,13.000000,false
159,Борисоглебск,65585,49.000000,false
160,Бутурлиновка,27208,37.720000,false
161,Воронеж,889680,596.510000,true
162,Калач,20046,20.000000,false
163,Лиски,55864,65.000000,false
164,Нововоронеж,32635,46.000000,false
165,Новохоперск,6849,14.000000,false
166,Острогожск,33842,22.000000,false
167,Павловск,25126,36.800000,false
168,Поворино,17692,18.000000,false
169,Россошь,62865,59.000000,false
170,Семилуки,26025,14.000000,false
171,Эртиль,11387,20.000000,false
172,Буйнакск,65735,20.950000,false
173,Дагестанские Огни,30671,9.270000,false
174,Дербент,119961,69.630000,false
175,Избербаш,56301,23.000000,false
176,Каспийск,103914,33.000000,false
177,Кизилюрт,36187,50.000000,false
178,Кизляр,49169,30.000000,false
179,Махачкала,577990,468.130000,true
180,Хасавюрт,133929,40.000000,false
181,Южно-Сухокумск,10048,82.000000,false
182,Биробиджан,75419,169.380000,false
183,Облучье,9379,28.000000,false
184,Балей,12536,49.000000,false
185,Борзя,31376,184.000000,false
186,Краснокаменск,55668,73.000000,true
187,Могоча,13228,20.000000,false
188,Нерчинск,14976,100.000000,false
189,Петровск-Забайкальский,18555,19.000000,false
190,Сретенск,6850,36.000000,false
191,Хилок,11530,13.000000,false
192,Чита,323964,534.000000,true
193,Шилка,13947,105.000000,false
194,Вичуга,37609,31.000000,false
195,Гаврилов Посад,6434,9.000000,false
196,Заволжск,12045,8.000000,false
197,Иваново,409277,104.840000,true
198,Кинешма,88113,50.000000,false
199,Комсомольск,8693,325.000000,false
200,Кохма,29408,12.600000,false
201,Наволоки,10207,95.000000,false
202,Плес,2341,3.000000,false
203,Приволжск,16749,16.000000,false
204,Пучеж,8583,6.000000,false
205,Родники,26318,17.000000,false
206,Тейково,34993,26.800000,false
207,Фурманов,36149,15.600000,false
208,Шуя,58528,33.000000,false
209,Южа,14170,13.000000,false
210,Юрьевец,10205,8.000000,false
211,Карабулак,31081,83.600000,false
212,Магас,2505,12.630000,false
213,Малгобек,31076,17.000000,false
214,Назрань,93357,80.000000,false
215,Алзамай,6751,48.000000,false
216,Ангарск,233765,294.000000,false
217,Байкальск,13589,819.250000,false
218,Бирюсинск,8981,23.000000,false
219,Бодайбо,15331,11.000000,false
220,Братск,246348,428.000000,true
221,Вихоревка,22528,85.000000,false
222,Железногорск-Илимский,26134,102.000000,false
223,Зима,32522,52.900000,false
224,Иркутск,587225,277.000000,true
225,Киренск,12652,21.000000,false
226,Нижнеудинск,37056,75.000000,false
227,Саянск,40786,83.000000,false
228,Свирск,13649,38.620000,false
229,Слюдянка,18542,38.000000,false
230,Тайшет,35481,75.720000,false
231,Тулун,44603,134.000000,false
232,Усолье-Сибирское,83364,74.000000,false
233,Усть-Илимск,86591,229.000000,false
234,Усть-Кут,45061,56.000000,true
235,Черемхово,52650,25.000000,false
236,Шелехов,47960,31.000000,false
237,Баксан,36857,27.800000,false
238,Майский,26755,138.000000,false
239,Нальчик,240095,67.000000,true
240,Нарткала,31679,9.450000,false
241,Прохладный,59595,35.080000,false
242,Терек,19170,12.000000,false
243,Тырныауз,21000,61.800000,false
244,Чегем,17988,73.000000,false
245,Багратионовск,6399,10.700000,false
246,Балтийск,32670,49.000000,false
247,Гвардейск,13888,12.000000,false
248,Гурьевск,12433,90.000000,false
249,Гусев,28260,16.300000,false
250,Зеленоградск,13015,17.000000,false
251,Калининград,431491,224.700000,true
252,Краснознаменск,3522,6.090000,false
253,Ладушкин,3788,28.200000,false
254,Мамоново,7757,20.850000,false
255,Неман,11794,14.000000,false
256,Нестеров,4584,8.000000,false
257,Озерск,4740,12.000000,false
258,Пионерский,11017,8.300000,false
259,Полесск,7580,11.000000,false
260,Правдинск,4323,10.000000,false
261,Приморск,1956,696.625000,false
262,Светлогорск,10775,21.000000,false
263,Светлый,21380,26.000000,false
264,Славск,4614,11.000000,false
265,Советск,41709,44.400000,false
266,Черняховск,40464,58.000000,false
267,Городовиковск,9565,175.000000,false
268,Лагань,14323,91.380000,false
269,Элиста,103728,208.000000,true
270,Балабаново,26337,9.940000,false
271,Белоусово,8432,2.300000,false
272,Боровск,12283,10.440000,false
273,Ермолино,10409,7.240000,false
274,Жиздра,5585,17.900000,false
275,Жуков,12150,20.000000,false
276,Калуга,325185,168.800000,false
277,Киров,31888,169.730000,true
278,Козельск,18203,10.000000,false
279,Кондрово,16672,19.000000,false
280,Кременки,11617,2.200000,false
281,Людиново,40550,43.420000,false
282,Малоярославец,30401,18.000000,false
283,Медынь,8298,16.000000,false
284,Мещовск,4101,39.000000,false
285,Мосальск,4285,7.930000,false
286,Обнинск,104798,42.970000,false
287,Сосенский,12394,4.120000,false
288,Спас-Деменск,4904,211.000000,false
289,Сухиничи,16295,12.000000,false
290,Таруса,9656,12.000000,false
291,Юхнов,7056,5.000000,false
292,Вилючинск,22905,404.000000,false
293,Елизово,39548,70.000000,false
294,Петропавловск-Камчатский,179526,362.140000,true
295,Карачаевск,23848,11.840000,false
296,Теберда,9097,8.570000,false
297,Усть-Джегута,30602,32.000000,false
298,Черкесск,121439,69.800000,false
299,Беломорск,11217,13.000000,false
300,Кемь,13061,21.000000,false
301,Кондопога,32978,11.000000,false
302,Костомукша,28433,15.000000,true
303,Лахденпохья,7818,9.000000,false
304,Медвежьегорск,15536,14.000000,false
305,Олонец,9060,6.000000,false
306,Петрозаводск,263540,135.000000,true
307,Питкяранта,11484,2254.000000,false
308,Пудож,9698,8.000000,false
309,Сегежа,29660,19.000000,false
310,Сортавала,19215,15.000000,false
311,Суоярви,9763,9.000000,false
312,Анжеро-Судженск,76669,119.000000,false
313,Белово,76752,171.000000,false
314,Березовский,47292,1125.000000,false
315,Гурьевск,24816,90.000000,false
316,Калтан,21893,32.400000,false
317,Кемерово,532884,282.000000,true
318,Киселевск,98382,160.000000,false
319,Ленинск-Кузнецкий,101666,112.700000,false
320,Мариинск,40522,57.200000,false
321,Междуреченск,101995,48.000000,false
322,Мыски,43029,108.700000,false
323,Новокузнецк,547885,424.270000,true
324,Осинники,45997,81.000000,false
325,Полысаево,27624,49.295000,false
326,Прокопьевск,210150,227.500000,false
327,Салаир,8263,39.800000,false
328,Тайга,25330,553.000000,false
329,Таштагол,23114,79.000000,false
330,Топки,28642,51.700000,false
331,Юрга,81536,45.000000,false
332,Белая Холуница,11232,12.000000,false
333,Вятские Поляны,35159,28.340000,false
334,Зуевка,11198,40.000000,false
335,Киров,473668,169.730000,true
336,Кирово-Чепецк,80920,52.000000,false
337,Кирс,10420,1347.000000,false
338,Котельнич,24979,32.000000,false
339,Луза,11262,303.000000,false
340,Малмыж,8265,2196.380000,false
341,Мураши,6752,665.000000,false
342,Нолинск,9556,6.300000,false
343,Омутнинск,23618,50.000000,false
344,Орлов,6959,4.000000,false
345,Слободской,33983,44.000000,false
346,Советск,16592,44.400000,false
347,Сосновка,11960,120.800000,false
348,Уржум,10213,10.000000,false
349,Яранск,17252,18.000000,false
350,Воркута,70551,29.800000,true
351,Вуктыл,12357,22.453000,true
352,Емва,14574,61.300000,false
353,Инта,32021,350.000000,true
354,Микунь,10732,13.900000,false
355,Печора,43458,28.900000,true
356,Сосногорск,27809,24.900000,false
357,Сыктывкар,235006,152.000000,true
358,Усинск,41100,152.000000,true
359,Ухта,99642,0.000000,true
360,Буй,25763,21.200000,false
361,Волгореченск,17108,17.830000,false
362,Галич,17346,16.500000,false
363,Кологрив,3314,6.000000,false
364,Кострома,268617,144.500000,true
365,Макарьев,7114,30.000000,false
366,Мантурово,17479,16.000000,false
367,Нерехта,22817,17.200000,false
368,Нея,9827,82.403000,false
369,Солигалич,6438,8.000000,false
370,Чухлома,5209,7.000000,false
371,Шарья,23668,26.000000,false
372,Абинск,34926,22.000000,false
373,Анапа,58983,40.000000,true
374,Апшеронск,40229,28.000000,false
375,Армавир,188897,280.000000,false
376,Белореченск,53891,56.000000,false
377,Геленджик,54813,123.000000,true
378,Горячий Ключ,30093,18.000000,false
379,Гулькевичи,35225,21.000000,false
380,Ейск,87771,140.000000,false
381,Кореновск,41179,247.000000,false
382,Краснодар,744933,339.310000,true
383,Кропоткин,80743,83.500000,false
384,Крымск,57370,47.040000,false
385,Курганинск,47974,30.000000,false
386,Лабинск,62822,46.000000,false
387,Новокубанск,34847,27.970000,false
388,Новороссийск,241788,81.100000,false
389,Приморско-Ахтарск,32253,18.000000,false
390,Славянск-на-Кубани,63768,43.500000,false
391,Сочи,343285,176.770000,true
392,Темрюк,38014,20.100000,false
393,Тимашевск,53921,40.000000,false
394,Тихорецк,61825,46.020000,false
395,Туапсе,63233,33.410000,false
396,Усть-Лабинск,43268,32.000000,false
397,Хадыженск,21580,17.000000,false
398,Артемовск,2180,16.000000,false
399,Ачинск,109156,103.000000,true
400,Боготол,21029,60.910000,false
401,Бородино,17423,35.200000,false
402,Дивногорск,28271,56.600000,false
403,Дудинка,22207,105.000000,false
404,Енисейск,18769,15.000000,true
405,Железногорск,85559,100.000000,false
406,Заозерный,10683,11.000000,false
407,Зеленогорск,66018,162.000000,false
408,Игарка,6183,20.000000,true
409,Иланский,16108,52.000000,false
410,Канск,94230,96.300000,false
411,Кодинск,14835,7.000000,false
412,Красноярск,973826,348.000000,true
413,Лесосибирск,61146,277.000000,false
414,Минусинск,71171,62.000000,false
415,Назарово,52829,47.000000,false
416,Норильск,175301,23.160000,true
417,Сосновоборск,33090,26.600000,false
418,Ужур,16079,38.900000,false
419,Уяр,12666,27.700000,false
420,Шарыпово,38570,30.000000,false
421,Ялта,8497,283.000000,false
422,Алушта,28642,6.983000,false
423,Армянск,22468,16.200000,false
424,Бахчисарай,26363,55.000000,false
425,Белогорск,18199,117.600000,false
426,Джанкой,35700,26.000000,false
427,Евпатория,106840,65.000000,false
428,Керчь,144600,108.000000,false
429,Красноперекопск,29564,22.000000,false
430,Саки,23400,29.000000,false
431,Симферополь,362366,107.000000,false
432,Старый Крым,9485,9.970000,false
433,Судак,15368,15.000000,false
434,Феодосия,69786,35.200000,false
435,Щелкино,11194,3.420000,false
436,Ялта,78040,283.000000,false
437,Далматово,13913,170.000000,false
438,Катайск,14017,145.000000,false
439,Курган,333640,393.000000,true
440,Куртамыш,17098,97.000000,false
441,Макушино,8337,68.000000,false
442,Петухово,11291,41.000000,false
443,Шадринск,77744,174.000000,false
444,Шумиха,17821,28.200000,false
445,Щучье,10971,35.000000,false
446,Дмитриев,7721,7.940000,false
447,Железногорск,95057,112.000000,false
448,Курск,414595,190.750000,true
449,Курчатов,42691,56.500000,false
450,Льгов,21452,38.000000,false
451,Обоянь,13562,11.000000,false
452,Рыльск,15667,17.000000,false
453,Суджа,6036,4.000000,false
454,Фатеж,5404,5.000000,false
455,Щигры,17043,21.000000,false
456,Бокситогорск,16593,13.000000,false
457,Волосово,12162,8.000000,false
458,Волхов,47344,108.000000,false
459,Всеволожск,59689,62.260000,false
460,Выборг,80013,160.847000,false
461,Высоцк,1244,39.810000,false
462,Гатчина,92566,28.750000,false
463,Ивангород,9797,7.700000,false
464,Каменногорск,6761,11.500000,false
465,Кингисепп,48667,29.000000,false
466,Кириши,52826,32.000000,false
467,Кировск,25633,84.900000,false
468,Коммунар,20265,12.700000,false
469,Лодейное Поле,21053,74.009000,false
470,Луга,36409,13.000000,false
471,Любань,4188,7.000000,false
472,Никольское,19345,10.000000,true
473,Новая Ладога,8890,143.000000,false
474,Отрадное,23874,70.100000,false
475,Пикалево,21567,38.000000,false
476,Подпорожье,18729,30.000000,false
477,Приморск,6122,696.630000,false
478,Приозерск,18929,16.500000,false
479,Светогорск,15973,50.000000,false
480,Сертолово,47854,27.490000,false
481,Сланцы,33587,36.000000,false
482,Сосновый Бор,65901,88.400000,false
483,Сясьстрой,13747,12.200000,false
484,Тихвин,58843,24.000000,false
485,Тосно,39127,512.000000,false
486,Шлиссельбург,13305,16.000000,false
487,Грязи,46798,30.000000,false
488,Данков,21056,21.000000,false
489,Елец,108404,70.670000,false
490,Задонск,9695,12.580000,false
491,Лебедянь,20991,18.000000,false
492,Липецк,508124,330.150000,true
493,Усмань,18752,12.700000,false
494,Чаплыгин,12656,11.000000,false
495,Магадан,95925,295.000000,true
496,Сусуман,5865,28.000000,false
497,Волжск,55671,39.470000,false
498,Звенигово,11945,4.970000,false
499,Йошкар-Ола,248688,100.390000,true
500,Козьмодемьянск,21262,13.410000,false
501,Ардатов,9400,33.500000,false
502,Инсар,8687,52.200000,false
503,Ковылкино,21307,40.600000,false
504,Краснослободск,10151,10.500000,false
505,Рузаевка,47529,26.600000,false
506,Саранск,297425,81.478000,true
507,Темников,7247,19.500000,false
508,Москва,11514330,2562.000000,true
509,Апрелевка,18467,99.000000,false
510,Балашиха,215353,97.800000,false
511,Бронницы,21102,22.000000,false
512,Верея,5368,5.000000,false
513,Видное,56798,16.100000,false
514,Волоколамск,23386,10.000000,false
515,Воскресенск,91301,24.500000,false
516,Высоковск,10642,4.000000,false
517,Голицыно,17447,20.000000,false
518,Дедовск,29280,7.000000,false
519,Дзержинский,47125,15.700000,false
520,Дмитров,61454,26.000000,false
521,Долгопрудный,90976,30.700000,false
522,Домодедово,96123,159.000000,false
523,Дрезна,11815,2.000000,false
524,Дубна,70569,7.100000,false
525,Егорьевск,70133,29.000000,false
526,Жуковский,102729,47.300000,false
527,Зарайск,24648,20.500000,false
528,Звенигород,16395,47.000000,false
529,Ивантеевка,58594,15.000000,false
530,Истра,35106,7.000000,false
531,Кашира,41880,16.000000,false
532,Клин,80584,42.000000,false
533,Коломна,144642,65.100000,false
534,Королев,183452,35.600000,false
535,Котельники,32347,14.240000,false
536,Красноармейск,26294,156.000000,false
537,Красногорск,116738,66.000000,false
538,Краснозаводск,13432,40.400000,false
539,Краснознаменск,36057,6.090000,false
540,Кубинка,22918,4.000000,false
541,Куровское,21821,9.000000,false
542,Ликино-Дулево,31331,14.000000,false
543,Лобня,74350,29.500000,false
544,Лосино-Петровский,22550,9.060000,false
545,Луховицы,29849,41.000000,false
546,Лыткарино,55147,17.000000,false
547,Люберцы,171978,44.000000,false
548,Можайск,31388,15.000000,false
549,Мытищи,173341,34.590000,false
550,Наро-Фоминск,64640,22.000000,false
551,Ногинск,99762,52.090000,false
552,Одинцово,139021,7.750000,false
553,Озеры,25788,12.000000,false
554,Орехово-Зуево,120620,36.000000,false
555,Павловский Посад,63771,39.000000,false
556,Пересвет,14142,19.000000,false
557,Подольск,187956,40.390000,false
558,Протвино,37308,26.000000,false
559,Пушкино,102840,60.330000,false
560,Пущино,20263,1823.000000,false
561,Раменское,96355,59.460000,false
562,Реутов,87195,9.000000,false
563,Рошаль,21265,35.000000,false
564,Руза,13495,17.380000,false
565,Сергиев Посад,110878,50.000000,false
566,Серпухов,126496,32.000000,false
567,Солнечногорск,52996,21.000000,false
568,Старая Купавна,21859,10.620000,false
569,Ступино,66942,35.500000,false
570,Талдом,13819,46.200000,false
571,Фрязино,55449,9.000000,false
572,Химки,207125,109.790000,false
573,Хотьково,21612,11.000000,false
574,Черноголовка,20986,2.023000,false
575,Чехов,60677,23.400000,false
576,Шатура,32836,36.000000,false
577,Щелково,110380,28.000000,false
578,Электрогорск,22120,39.000000,false
579,Электросталь,155324,51.450000,false
580,Электроугли,20120,4.500000,false
581,Яхрома,13248,14.000000,false
582,Апатиты,59690,37.500000,true
583,Гаджиево,11089,135.000000,false
584,Заозерск,11206,118.000000,false
585,Заполярный,15835,0.000000,false
586,Кандалакша,35659,0.000000,false
587,Кировск,28659,84.900000,false
588,Ковдор,18836,8.000000,false
589,Кола,10447,10.000000,false
590,Мончегорск,45381,0.000000,false
591,Мурманск,307664,154.400000,true
592,Оленегорск,23079,1870.000000,false
593,Островной,2177,76.000000,false
594,Полярные Зори,15106,940.000000,false
595,Полярный,17304,358.050000,false
596,Североморск,50076,60.000000,false
597,Снежногорск,12698,23.100000,false
598,Нарьян-Мар,21296,24.000000,true
599,Арзамас,106367,42.000000,false
600,Балахна,51526,48.000000,false
601,Богородск,25497,39.200000,false
602,Бор,78079,147.000000,true
603,Ветлуга,8956,18.200000,false
604,Володарск,9924,24.970000,false
605,Ворсма,11622,22.800000,false
606,Выкса,56196,35.650000,false
607,Горбатов,2278,176.708000,false
608,Городец,30699,124.000000,false
609,Дзержинск,240762,421.000000,false
610,Заволжье,40265,20.100000,false
611,Княгинино,6708,10.900000,false
612,Кстово,66641,18.000000,false
613,Кулебаки,35762,938.900000,false
614,Лукоянов,14949,57.300000,false
615,Лысково,21882,2.330000,false
616,Навашино,16413,13.000000,false
617,Нижний Новгород,1250615,410.600000,true
618,Павлово,60699,39.000000,false
619,Первомайск,14567,1227.000000,false
620,Перевоз,9201,74.190000,false
621,Саров,92073,232.000000,false
622,Семенов,24472,14.000000,false
623,Сергач,21387,20.000000,false
624,Урень,12311,100.000000,false
625,Чкаловск,12371,7.000000,false
626,Шахунья,21337,2.590000,false
627,Боровичи,54731,45.410000,false
628,Валдай,16099,28.400000,false
629,Великий Новгород,218724,90.080000,false
630,Малая Вишера,12461,29.000000,false
631,Окуловка,12464,27.400000,false
632,Пестово,15911,15.100000,false
633,Сольцы,10317,10.150000,false
634,Старая Русса,32235,18.540000,false
635,Холм,3829,9.000000,false
636,Чудово,16148,14.000000,false
637,Барабинск,30250,70.000000,false
638,Бердск,98809,70.000000,false
639,Болотное,16969,59.000000,false
640,Искитим,60072,30.000000,false
641,Карасук,28929,35.800000,false
642,Каргат,10620,69.000000,false
643,Куйбышев,47278,109.000000,false
644,Купино,15448,32.000000,false
645,Новосибирск,1498921,505.600000,true
646,Обь,26137,21.900000,false
647,Татарск,26114,80.000000,false
648,Тогучин,21531,81.000000,false
649,Черепаново,19346,20.000000,false
650,Чулым,11964,203.000000,false
651,Исилькуль,25905,139.000000,false
652,Калачинск,24000,24.000000,false
653,Называевск,12119,68.700000,false
654,Омск,1154000,572.900000,true
655,Тара,26664,118.000000,false
656,Тюкалинск,12050,44.600000,false
657,Абдулино,20663,47.000000,false
658,Бугуруслан,52249,76.000000,true
659,Бузулук,82816,54.000000,false
660,Гай,38302,62.100000,false
661,Кувандык,26176,42.060000,false
662,Медногорск,27253,91.330000,false
663,Новотроицк,97914,305.000000,false
664,Оренбург,570329,259.000000,true
665,Орск,238006,621.330000,true
666,Соль-Илецк,26308,185.000000,false
667,Сорочинск,30136,56.000000,false
668,Ясный,16082,67.000000,false
669,Болхов,11421,11.870000,false
670,Дмитровск,5956,6.000000,false
671,Ливны,50430,32.100000,false
672,Малоархангельск,3872,3.440000,false
673,Мценск,43216,20.810000,false
674,Новосиль,3799,5.000000,false
675,Орёл,317854,121.000000,true
676,Белинский,8567,8.000000,false
677,Городище,8102,9.390000,false
678,Заречный,63579,29.300000,false
679,Каменка,39579,31.800000,false
680,Кузнецк,88886,23.000000,false
681,Нижний Ломов,22678,12.000000,false
682,Никольск,22471,12.700000,false
683,Пенза,519592,290.377000,true
684,Сердобск,35393,28.420000,false
685,Спасск,7442,5.740000,false
686,Сурск,7032,5.000000,false
687,Александровск,15022,331.000000,false
688,Березники,156350,66.000000,false
689,Верещагино,22760,97.021000,false
690,Горнозаводск,12334,7.100000,false
691,Гремячинск,11005,65.000000,false
692,Губаха,27544,42.900000,false
693,Добрянка,35720,498.240000,false
694,Кизел,20277,75.810000,false
695,Красновишерск,17129,24.000000,false
696,Краснокамск,52632,95.800000,false
697,Кудымкар,30711,25.000000,false
698,Кунгур,67857,68.700000,false
699,Лысьва,67712,26.430000,false
700,Нытва,19041,25.300000,false
701,Оса,22420,105.700000,false
702,Оханск,7597,0.000000,false
703,Очер,15003,39.000000,false
704,Пермь,1000679,799.680000,true
705,Соликамск,97239,167.000000,false
706,Усолье,5694,16.000000,false
707,Чайковский,82933,31.000000,false
708,Чердынь,4920,15.000000,false
709,Чермоз,4017,7.200000,false
710,Чернушка,33275,29.100000,false
711,Чусовой,46740,95.000000,false
712,Арсеньев,56742,39.400000,false
713,Артем,102636,506.000000,false
714,Большой Камень,39257,119.800000,false
715,Владивосток,592069,331.160000,true
716,Дальнегорск,37503,31.000000,false
717,Дальнереченск,27601,111.000000,false
718,Лесозаводск,36975,71.000000,false
719,Находка,159695,325.900000,false
720,Партизанск,38648,126.000000,false
721,Спасск-Дальний,44166,49.000000,false
722,Уссурийск,157946,173.000000,false
723,Фокино,23683,16.000000,false
724,Великие Луки,98778,60.000000,true
725,Гдов,4379,5.000000,false
726,Дно,9061,13.800000,false
727,Невель,16324,23.000000,false
728,Новоржев,3695,8.000000,false
729,Новосокольники,8119,16.100000,false
730,Опочка,11601,23.910000,false
731,Остров,21670,2435.560000,false
732,Печоры,12308,21.000000,false
733,Порхов,10608,53.254000,false
734,Псков,203974,96.000000,true
735,Пустошка,4619,11.000000,false
736,Пыталово,5826,0.000000,false
737,Себеж,6375,8.000000,false
738,Азов,82882,66.000000,false
739,Аксай,41984,67.500000,false
740,Батайск,112400,77.680000,false
741,Белая Калитва,43688,16.495000,false
742,Волгодонск,170621,1823.000000,false
743,Гуково,67268,40.000000,false
744,Донецк,50085,358.000000,false
745,Зверево,22416,31.000000,false
746,Зерноград,26850,12.360000,false
747,Каменск-Шахтинский,95306,160.000000,false
748,Константиновск,17926,298.000000,false
749,Красный Сулин,40866,93.600000,false
750,Миллерово,36493,51.000000,false
751,Морозовск,27644,26.000000,false
752,Новочеркасск,169039,128.000000,false
753,Новошахтинск,111087,147.000000,false
754,Пролетарск,20267,14.000000,false
755,Ростов-на-Дону,1091544,348.500000,true
756,Сальск,61312,43.883000,false
757,Семикаракорск,23884,140.000000,false
758,Таганрог,257692,95.000000,true
759,Цимлянск,15029,26.300000,true
760,Шахты,240152,158.200000,false
761,Касимов,33494,20.000000,false
762,Кораблино,12657,82.403000,false
763,Михайлов,11783,8.000000,false
764,Новомичуринск,19309,26.000000,false
765,Рыбное,18378,15.360000,false
766,Ряжск,21676,21.000000,false
767,Рязань,525062,224.000000,true
768,Сасово,28117,23.790000,false
769,Скопин,30374,30.900000,false
770,Спас-Клепики,5917,6.000000,false
771,Спасск-Рязанский,7745,39.600000,false
772,Шацк,6562,0.000000,false
773,Жигулевск,57565,69.000000,false
774,Кинель,34472,37.000000,false
775,Нефтегорск,18732,6.000000,false
776,Новокуйбышевск,108449,86.000000,false
777,Октябрьск,27244,21.800000,false
778,Отрадный,47709,54.000000,false
779,Похвистнево,28181,65.000000,false
780,Самара,1164900,541.000000,true
781,Сызрань,178773,117.000000,false
782,Тольятти,719484,314.780000,true
783,Чапаевск,72689,187.500000,false
784,Санкт-Петербург,4848742,1439.000000,true
785,Аркадак,12846,16.000000,false
786,Аткарск,25620,10.540000,false
787,Балаково,199576,79.000000,false
788,Балашов,82222,72.900000,false
789,Вольск,66520,148.000000,false
790,Ершов,21447,21.000000,false
791,Калининск,16442,24.000000,false
792,Красноармейск,24362,156.000000,false
793,Красный Кут,14420,8.000000,true
794,Маркс,31535,16.000000,false
795,Новоузенск,17015,43.000000,false
796,Петровск,31158,27.300000,false
797,Пугачев,41705,79.000000,false
798,Ртищево,41295,32.000000,false
799,Саратов,836900,394.000000,true
800,Хвалынск,13199,46.000000,false
801,Шиханы,6067,9.840000,false
802,Энгельс,202838,121.060000,false
803,Александровск-Сахалинский,10613,22.000000,false
804,Анива,8449,8.000000,false
805,Долинск,12200,11.000000,false
806,Корсаков,33526,26.000000,false
807,Курильск,2070,1.000000,true
808,Макаров,6788,0.000000,false
809,Невельск,11682,9.000000,false
810,Оха,23007,44.000000,true
811,Поронайск,16461,55.000000,false
812,Северо-Курильск,2381,155.000000,false
813,Томари,4537,0.000000,false
814,Углегорск,11880,0.000000,false
815,Холмск,30936,32.000000,false
816,Южно-Сахалинск,181727,164.660000,true
817,Алапаевск,38198,25.000000,false
818,Арамиль,14227,21.820000,false
819,Артемовский,32878,47.000000,false
820,Асбест,70067,767.000000,false
821,Березовский,51583,0.000000,false
822,Богданович,31752,1497.000000,false
823,Верхний Тагил,11843,15.000000,false
824,Верхняя Пышма,58707,60.000000,false
825,Верхняя Салда,46240,72.000000,false
826,Верхняя Тура,9468,236.000000,false
827,Верхотурье,8815,189.334000,false
828,Волчанск,10008,63.000000,false
829,Дегтярск,15521,19.000000,false
830,Екатеринбург,1377738,468.000000,true
831,Заречный,26803,29.300000,false
832,Ивдель,17764,50.000000,false
833,Ирбит,38352,64.000000,false
834,Каменск-Уральский,174710,144.080000,false
835,Камышлов,26875,52.000000,false
836,Карпинск,29118,83.000000,false
837,Качканар,42563,317.000000,false
838,Кировград,21959,10.000000,false
839,Краснотурьинск,59701,309.500000,false
840,Красноуральск,24973,89.000000,false
841,Красноуфимск,80457,47.000000,false
842,Кушва,33027,50.000000,false
843,Лесной,52464,359.000000,false
844,Михайловск,9215,21.000000,false
845,Невьянск,25147,17.000000,false
846,Нижние Серги,11217,499.000000,false
847,Нижний Тагил,361883,298.000000,false
848,Нижняя Салда,17969,590.000000,false
849,Нижняя Тура,21596,42.000000,false
850,Новая Ляля,12400,20.000000,false
851,Новоуральск,91813,100.000000,false
852,Первоуральск,149800,66.000000,false
853,Полевской,64316,57.000000,false
854,Ревда,61713,111.000000,false
855,Реж,38709,198.000000,false
856,Североуральск,29279,80.000000,false
857,Серов,99381,418.000000,false
858,Среднеуральск,20357,83.800000,false
859,Сухой Лог,34836,30.000000,false
860,Сысерть,20594,20.000000,false
861,Тавда,35421,148.000000,false
862,Талица,18339,64.000000,false
863,Туринск,17990,28.000000,false
864,Инкерман,11526,2.000000,false
865,Севастополь,344479,863.600000,false
866,Алагир,20949,23.000000,false
867,Ардон,18774,29.100000,false
868,Беслан,36724,24.000000,false
869,Владикавказ,311635,291.000000,true
870,Дигора,10856,9.190000,false
871,Моздок,38748,17.000000,false
872,Велиж,7620,32.000000,false
873,Вязьма,57103,44.000000,false
874,Гагарин,31721,14.460000,false
875,Демидов,7333,33.000000,false
876,Десногорск,29677,42.900000,false
877,Дорогобуж,10720,10.000000,false
878,Духовщина,4370,11.000000,false
879,Ельня,10095,15.000000,false
880,Починок,8776,7.000000,false
881,Рославль,54898,43.000000,false
882,Рудня,10029,17.000000,false
883,Сафоново,46116,29.600000,false
884,Смоленск,326863,166.350000,true
885,Сычевка,8111,8.000000,false
886,Ярцево,47853,32.000000,false
887,Благодарный,32736,24.000000,false
888,Буденновск,64628,62.100000,false
889,Георгиевск,72126,25.000000,false
890,Ессентуки,100969,50.000000,false
891,Железноводск,24496,44.000000,false
892,Зеленокумск,35790,24.000000,false
893,Изобильный,40546,28.000000,false
894,Ипатово,26055,16.000000,false
895,Кисловодск,128502,72.000000,false
896,Лермонтов,22540,31.000000,false
897,Минеральные Воды,76715,49.000000,true
898,Михайловск,71018,21.000000,false
899,Невинномысск,118351,80.000000,false
900,Нефтекумск,27700,20.000000,false
901,Новоалександровск,26759,21.000000,false
902,Новопавловск,26556,19.000000,false
903,Пятигорск,142397,97.000000,false
904,Светлоград,38520,41.000000,false
905,Ставрополь,398266,277.000000,true
906,Жердевка,15211,17.000000,false
907,Кирсанов,17240,10.900000,false
908,Котовск,31851,17.300000,false
909,Мичуринск,98758,78.000000,false
910,Моршанск,41550,18.520000,false
911,Рассказово,45484,36.120000,false
912,Тамбов,280457,90.890000,true
913,Уварово,26829,23.000000,false
914,Агрыз,19299,8.600000,false
915,Азнакаево,34859,15.000000,false
916,Альметьевск,146309,114.980000,false
917,Арск,18114,29.000000,false
918,Бавлы,22109,18.500000,false
919,Болгар,8650,116.000000,false
920,Бугульма,89144,27.870000,true
921,Буинск,20342,7.000000,false
922,Елабуга,70750,41.000000,false
923,Заинск,41798,59.000000,false
924,Зеленодольск,97651,38.000000,false
925,Иннополис,3955,2.200000,false
926,Казань,1216965,425.300000,true
927,Лаишево,7735,0.000000,false
928,Лениногорск,64145,31.000000,false
929,Мамадыш,14432,15.000000,false
930,Менделеевск,22075,30.650000,false
931,Мензелинск,16474,7.400000,false
932,Набережные Челны,513242,171.000000,false
933,Нижнекамск,234108,63.500000,true
934,Нурлат,32600,15.000000,false
935,Тетюши,11596,9.000000,false
936,Чистополь,60703,19.240000,false
937,Андреаполь,8265,13.000000,false
938,Бежецк,24517,17.000000,false
939,Белый,3771,18.000000,false
940,Бологое,23499,120.000000,false
941,Весьегонск,7330,0.000000,false
942,Вышний Волочек,52326,54.000000,false
943,Западная Двина,9376,0.000000,false
944,Зубцов,6937,97.000000,false
945,Калязин,13870,0.000000,false
946,Кашин,16174,11.000000,false
947,Кимры,49623,44.000000,false
948,Конаково,41303,39.030000,false
949,Красный Холм,5608,13.935000,false
950,Кувшиново,10008,18.000000,false
951,Лихославль,12259,16.000000,false
952,Нелидово,22886,20.500000,false
953,Осташков,18073,0.000000,false
954,Ржев,62026,56.000000,false
955,Старица,8610,7.650000,false
956,Тверь,403726,152.220000,true
957,Торжок,47702,59.000000,false
958,Торопец,13018,11.826000,false
959,Удомля,31048,9.000000,false
960,Асино,25614,90.000000,false
961,Кедровый,2451,250.100000,false
962,Колпашево,24126,266.000000,false
963,Северск,108466,18.000000,false
964,Стрежевой,42216,212.000000,false
965,Томск,522940,294.600000,true
966,Алексин,61738,43.000000,false
967,Белев,13918,8.580000,false
968,Богородицк,31897,26.900000,false
969,Болохово,9619,8.738000,false
970,Венев,15220,9.360000,false
971,Донской,64561,47.600000,false
972,Ефремов,42350,21.800000,false
973,Кимовск,28493,17.280000,false
974,Киреевск,25585,11.500000,false
975,Липки,8741,3.320000,false
976,Новомосковск,131227,92.800000,false
977,Плавск,16248,8.640000,false
978,Советск,7537,44.400000,false
979,Суворов,18975,25.640000,false
980,Тула,501129,146.000000,false
981,Узловая,55282,33.000000,false
982,Чекалин,994,5.420000,false
983,Щекино,58154,15.000000,false
984,Ясногорск,16804,11.800000,false
985,Ак-Довурак,13469,49.000000,false
986,Кызыл,109906,97.410000,true
987,Туран,4988,92.000000,false
988,Чадан,9037,104.000000,false
989,Шагонар,10958,59.000000,false
990,Заводоуковск,25657,21.000000,false
991,Ишим,69567,46.000000,false
992,Тобольск,99698,222.000000,true
993,Тюмень,828600,698.480000,true
994,Ялуторовск,36494,51.910000,false
995,Воткинск,100034,113.000000,false
996,Глазов,95835,69.000000,false
997,Ижевск,628117,315.150000,true
998,Камбарка,11028,26.473000,false
999,Можга,47959,31.000000,false
1000,Сарапул,101390,88.000000,false
1001,Барыш,17149,14.000000,false
1002,Димитровград,122549,103.000000,false
1003,Инза,18547,22.000000,false
1004,Новоульяновск,16032,15.600000,false
1005,Сенгилей,6959,6.000000,false
1006,Ульяновск,613793,316.900000,true
1007,Амурск,42977,145.000000,false
1008,Бикин,17156,85.700000,false
1009,Вяземский,14556,44.000000,false
1010,Комсомольск-на-Амуре,263906,325.100000,true
1011,Николаевск-на-Амуре,22773,17.000000,false
1012,Советская Гавань,27712,69.000000,true
1013,Хабаровск,577668,383.000000,true
1014,Абаза,17111,81.500000,false
1015,Абакан,165183,112.380000,false
1016,Саяногорск,49889,19.000000,false
1017,Сорск,12140,70.000000,false
1018,Черногорск,72117,117.000000,false
1019,Белоярский,20283,70.000000,false
1020,Когалым,58192,153.500000,true
1021,Лангепас,41675,59.500000,false
1022,Лянтор,38922,63.070000,false
1023,Мегион,49471,50.500000,false
1024,Нефтеюганск,123276,154.000000,false
1025,Нижневартовск,251860,271.319000,true
1026,Нягань,54903,814.000000,true
1027,Покачи,17053,21.840000,false
1028,Пыть-Ях,41453,80.400000,false
1029,Радужный,43394,169.000000,true
1030,Советский,26434,388.900000,false
1031,Сургут,306703,353.970000,true
1032,Урай,39435,54.300000,false
1033,Ханты-Мансийск,79410,337.760400,true
1034,Югорск,34066,152.180000,false
1035,Аша,31916,32.400000,false
1036,Бакал,20953,50.000000,false
1037,Верхнеуральск,9459,50.000000,false
1038,Верхний Уфалей,30504,65.000000,false
1039,Еманжелинск,30218,129.900000,false
1040,Златоуст,174985,118.000000,false
1041,Карабаш,13151,48.000000,false
1042,Карталы,29136,86.130000,false
1043,Касли,16998,39.760000,false
1044,Катав-Ивановск,17640,24.700000,false
1045,Копейск,137604,236.710000,false
1046,Коркино,38950,109.000000,false
1047,Куса,18792,15.000000,false
1048,Кыштым,38950,45.670000,false
1049,Магнитогорск,408401,392.350000,true
1050,Миасс,151812,112.000000,false
1051,Миньяр,10195,132.000000,false
1052,Нязепетровск,12452,27.000000,false
1053,Озерск,82268,657.000000,false
1054,Пласт,17344,87.600000,false
1055,Сатка,45465,46.200000,false
1056,Сим,14465,33.000000,false
1057,Снежинск,48896,357.000000,false
1058,Трехгорный,33678,162.490000,false
1059,Троицк,78637,16.300000,false
1060,Усть-Катав,23586,27.450000,false
1061,Чебаркуль,43405,71.130000,false
1062,Челябинск,1130273,500.900000,true
1063,Южноуральск,37890,109.000000,false
1064,Юрюзань,12568,18.780000,false
1065,Аргун,29528,28.100000,false
1066,Грозный,271596,324.160000,true
1067,Гудермес,45643,92.000000,false
1068,Урус-Мартан,49071,30.000000,false
1069,Шали,47715,27.020000,false
1070,Алатырь,38202,41.700000,false
1071,Канаш,45608,18.500000,false
1072,Козловка,10355,50.800000,false
1073,Мариинский Посад,10186,9.000000,false
1074,Новочебоксарск,124094,51.000000,false
1075,Цивильск,13478,7.000000,false
1076,Чебоксары,447929,233.000000,true
1077,Шумерля,33412,13.300000,false
1078,Ядрин,9614,55.000000,false
1079,Анадырь,13053,53.000000,true
1080,Билибино,5504,18.000000,true
1081,Певек,4161,60.320000,true
1082,Алдан,21277,33.000000,true
1083,Верхоянск,1311,25.000000,false
1084,Вилюйск,10233,18.000000,false
1085,Ленск,24955,49.000000,false
1086,Мирный,37179,15.000000,true
1087,Нерюнгри,61746,98.900000,true
1088,Нюрба,10156,19.000000,false
1089,Олекминск,9487,12.000000,false
1090,Покровск,9495,320.000000,false
1091,Среднеколымск,3525,20.000000,false
1092,Томмот,8054,26.000000,false
1093,Удачный,12611,2.000000,true
1094,Якутск,269486,122.000000,true
1095,Губкинский,23340,73.000000,false
1096,Лабытнанги,26948,22.000000,false
1097,Муравленко,33401,91.000000,false
1098,Надым,46550,307.000000,true
1099,Новый Уренгой,104144,111.000000,true
1100,Ноябрьск,110572,38.840000,true
1101,Салехард,42494,19.000000,true
1102,Тарко-Сале,20372,72.200000,false
1103,Гаврилов-Ям,17792,11.000000,false
1104,Данилов,15861,12.000000,false
1105,Любим,5553,7.000000,false
1106,Мышкин,5932,5.000000,false
1107,Переславль-Залесский,41923,23.000000,false
1108,Пошехонье,6085,7.840000,false
1109,Ростов,31791,31.000000,false
1110,Рыбинск,200771,101.420000,true
1111,Тутаев,41001,25.500000,false
1112,Углич,34505,27.000000,false
1113,Ярославль,591486,205.800000,true
